Dataset_Authors,Article_title,Article_Year,Article_Author_year,Article_Journal,In_vivo,Experimental_mean,Number_of_shoulders,Type_of_movement,Active,Posture,Thorax_is_isb,Thorax_is_global,Thorax_is_isb_correctable,Thorax_correction_method,Thorax_origin,Thorax_X,Thorax_Y,Thorax_Z,Humerus_is_isb,Humerus_is_isb_correctable,Humerus_correction_method,Humerus_origin,Humerus_X,Humerus_Y,Humerus_Z,Thoracohumeral_sequence,Thoracohumeral_angle,Thoracohumeral_usable,Thoracohumeral_risk,Clavicle_is_isb,Clavicle_is_isb_correctable,Clavicle_correction_method,Clavicle_origin,Clavicle_X,Clavicle_Y,Clavicle_Z,Scapula_is_isb,Scapula_is_isb_correctable,Scapula_correction_method,Scapula_origin,Scapula_X,Scapula_Y,Scapula_Z,Humeral_motion,Joint,Parent,Child,Euler_sequence,Euler_sequence_usable,Euler_sequence_risk,Origin_displacement,Displacement_cs,Displacement_absolute,Displacement_correctable,Displacement_correction_method,Is_data_mean,Shoulder_id,Source_extraction,Folder,Data_humero_thoracic_elevation,Dof_1st_euler,Dof_2nd_euler,Dof_3rd_euler,Dof_translation_x,Dof_translation_y,Dof_translation_z,Dof_translation_norm
Bourne et al. ,Three-dimensional rotation of the scapula during functional movements: an in vivo study in healthy volunteers,2007,Bourne et al. 2007,Journal of Shoulder and Elbow Surgery,true,intra cortical pins,7,dynamic,true,sitting,false,false,false,nan,T7,+mediolateral,+anteroposterior,+superoinferior,true,nan,nan,GH,+mediolateral,+anteroposterior,+superoinferior,zyz,nan,true,true,nan,nan,nan,nan,nan,nan,nan,false,true,to_isb,AA,-mediolateral,+anteroposterior,+superoinferior,frontal elevation,scapulothoracic,thorax,scapula,zyx,true,false,nan,nan,nan,nan,nan,false,1,,Bourne et al 2007,array,ST_protraction_elevationFrontal_subject1.csv,ST_medRotation_elevationFrontal_subject1.csv,ST_tilt_elevationFrontal_subject1.csv,nan,nan,nan,nan
Bourne et al. ,Three-dimensional rotation of the scapula during functional movements: an in vivo study in healthy volunteers,2007,Bourne et al. 2007,Journal of Shoulder and Elbow Surgery,true,intra cortical pins,7,dynamic,true,sitting,false,false,false,nan,T7,+mediolateral,+anteroposterior,+superoinferior,true,nan,nan,GH,+mediolateral,+anteroposterior,+superoinferior,zyz,nan,true,true,nan,nan,nan,nan,nan,nan,nan,false,true,to_isb,AA,-mediolateral,+anteroposterior,+superoinferior,frontal elevation,scapulothoracic,thorax,scapula,zyx,true,false,nan,nan,nan,nan,nan,false,2,,Bourne et al 2007,array,ST_protraction_elevationFrontal_subject2.csv,ST_medRotation_elevationFrontal_subject2.csv,ST_tilt_elevationFrontal_subject2.csv,nan,nan,nan,nan
,,,,,,,,,,,,,,,,,,,,,,,,,,,,,,,,,,,,,,,,,,,,,,,,,,,,,,,,,,,,,,,,,,,
Charbonnier et al.,"A patient-specific measurement technique to model shoulder joint kinematics
",2014,Charbonnier et al. 2014,Orthopaedics and Traumatology: Surgery and Research,true,single-plane x-ray fluoroscopy,6,dynamic,true,nan,true,false,nan,nan,IJ,+anteroposterior,+superoinferior,+mediolateral,true,nan,nan,GH,+anteroposterior,+superoinferior,+mediolateral,nan,nan,nan,nan,nan,nan,nan,nan,nan,nan,nan,true,nan,nan,AA,+anteroposterior,+superoinferior,+mediolateral,scapular elevation,glenohumeral,scapula,humerus,xzy,true,nan,GH,scapula,true,nan,nan,false,1,,Charbonnier et al 2014,array,nan,nan,nan,nan,array,nan,nan
Charbonnier et al.,"A patient-specific measurement technique to model shoulder joint kinematics
",2014,Charbonnier et al. 2014,Orthopaedics and Traumatology: Surgery and Research,true,single-plane x-ray fluoroscopy,6,dynamic,true,nan,true,false,nan,nan,IJ,+anteroposterior,+superoinferior,+mediolateral,true,nan,nan,GH,+anteroposterior,+superoinferior,+mediolateral,nan,nan,nan,nan,nan,nan,nan,nan,nan,nan,nan,true,nan,nan,AA,+anteroposterior,+superoinferior,+mediolateral,scapular elevation,glenohumeral,scapula,humerus,xzy,true,nan,GH,scapula,true,nan,nan,false,2,,Charbonnier et al 2014,array,nan,nan,nan,nan,array,nan,nan
Charbonnier et al.,"A patient-specific measurement technique to model shoulder joint kinematics
",2014,Charbonnier et al. 2014,Orthopaedics and Traumatology: Surgery and Research,true,single-plane x-ray fluoroscopy,6,dynamic,true,nan,true,false,nan,nan,IJ,+anteroposterior,+superoinferior,+mediolateral,true,nan,nan,GH,+anteroposterior,+superoinferior,+mediolateral,nan,nan,nan,nan,nan,nan,nan,nan,nan,nan,nan,true,nan,nan,AA,+anteroposterior,+superoinferior,+mediolateral,scapular elevation,glenohumeral,scapula,humerus,xzy,true,nan,GH,scapula,true,nan,nan,false,3,,Charbonnier et al 2014,array,nan,nan,nan,nan,array,nan,nan
Charbonnier et al.,"A patient-specific measurement technique to model shoulder joint kinematics
",2014,Charbonnier et al. 2014,Orthopaedics and Traumatology: Surgery and Research,true,single-plane x-ray fluoroscopy,6,dynamic,true,nan,true,false,nan,nan,IJ,+anteroposterior,+superoinferior,+mediolateral,true,nan,nan,GH,+anteroposterior,+superoinferior,+mediolateral,nan,nan,nan,nan,nan,nan,nan,nan,nan,nan,nan,true,nan,nan,AA,+anteroposterior,+superoinferior,+mediolateral,scapular elevation,glenohumeral,scapula,humerus,xzy,true,nan,GH,scapula,true,nan,nan,false,4,,Charbonnier et al 2014,array,nan,nan,nan,nan,array,nan,nan
Charbonnier et al.,"A patient-specific measurement technique to model shoulder joint kinematics
",2014,Charbonnier et al. 2014,Orthopaedics and Traumatology: Surgery and Research,true,single-plane x-ray fluoroscopy,6,dynamic,true,nan,true,false,nan,nan,IJ,+anteroposterior,+superoinferior,+mediolateral,true,nan,nan,GH,+anteroposterior,+superoinferior,+mediolateral,nan,nan,nan,nan,nan,nan,nan,nan,nan,nan,nan,true,nan,nan,AA,+anteroposterior,+superoinferior,+mediolateral,scapular elevation,glenohumeral,scapula,humerus,xzy,true,nan,GH,scapula,true,nan,nan,false,5,,Charbonnier et al 2014,array,nan,nan,nan,nan,array,nan,nan
Charbonnier et al.,"A patient-specific measurement technique to model shoulder joint kinematics
",2014,Charbonnier et al. 2014,Orthopaedics and Traumatology: Surgery and Research,true,single-plane x-ray fluoroscopy,6,dynamic,true,nan,true,false,nan,nan,IJ,+anteroposterior,+superoinferior,+mediolateral,true,nan,nan,GH,+anteroposterior,+superoinferior,+mediolateral,nan,nan,nan,nan,nan,nan,nan,nan,nan,nan,nan,true,nan,nan,AA,+anteroposterior,+superoinferior,+mediolateral,scapular elevation,glenohumeral,scapula,humerus,xzy,true,nan,GH,scapula,true,nan,nan,false,6,,Charbonnier et al 2014,array,nan,nan,nan,nan,array,nan,nan
,,,,,,,,,,,,,,,,,,,,,,,,,,,,,,,,,,,,,,,,,,,,,,,,,,,,,,,,,,,,,,,,,,,
Charbonnier et al.,Standardization proposal of soft tissue artefact description for data sharing in human motion measurements,2017,Cereatti et al. 2017,Journal of Biomechanics,true,single-plane x-ray fluoroscopy,1,dynamic,true,nan,true,false,nan,nan,IJ,+anteroposterior,+superoinferior,+mediolateral,true,nan,nan,GH,+anteroposterior,+superoinferior,+mediolateral,nan,nan,nan,nan,nan,nan,nan,nan,nan,nan,nan,true,nan,nan,AA,+anteroposterior,+superoinferior,+mediolateral,scapular elevation,glenohumeral,scapula,humerus,xzy,true,nan,GH,scapula,true,nan,nan,false,1,,,array,nan,nan,nan,nan,array,nan,nan
Charbonnier et al.,Standardization proposal of soft tissue artefact description for data sharing in human motion measurements,2017,Cereatti et al. 2017,Journal of Biomechanics,true,single-plane x-ray fluoroscopy,1,dynamic,true,nan,true,false,nan,nan,IJ,+anteroposterior,+superoinferior,+mediolateral,true,nan,nan,GH,+anteroposterior,+superoinferior,+mediolateral,nan,nan,nan,nan,nan,nan,nan,nan,nan,nan,nan,true,nan,nan,AA,+anteroposterior,+superoinferior,+mediolateral,sagittal elevation,glenohumeral,scapula,humerus,xzy,true,nan,GH,scapula,true,nan,nan,false,1,,,array,nan,nan,nan,nan,array,nan,nan
,,,,,,,,,,,,,,,,,,,,,,,,,,,,,,,,,,,,,,,,,,,,,,,,,,,,,,,,,,,,,,,,,,,
Chu et al.,Validation of a video-based motion analysis technique in 3-D dynamic scapular kinematic measurements,2012,Chu et al. 2012,Journal of Biomechanics,true,biplane x-ray fluoroscopy,5,dynamic,true,sitting,true,false,nan,nan,IJ,+anteroposterior,+superoinferior,+mediolateral,true,nan,nan,GH,+anteroposterior,+superoinferior,+mediolateral,yxy,nan,true,false,nan,nan,nan,nan,nan,nan,nan,true,nan,nan,AA,+anteroposterior,+superoinferior,+mediolateral,frontal elevation,scapulothoracic,thorax,scapula,yxz,true,nan,nan,nan,nan,nan,nan,true,nan,engauged,Chu et al 2012,array,ST_protraction_elevationFrontal.csv,ST_medRotation_elevationFrontal.csv,ST_tilt_elevationFrontal.csv,nan,nan,nan,nan
Chu et al.,Validation of a video-based motion analysis technique in 3-D dynamic scapular kinematic measurements,2012,Chu et al. 2012,Journal of Biomechanics,true,biplane x-ray fluoroscopy,5,dynamic,true,sitting,true,false,nan,nan,IJ,+anteroposterior,+superoinferior,+mediolateral,true,nan,nan,GH,+anteroposterior,+superoinferior,+mediolateral,yxy,nan,true,false,nan,nan,nan,nan,nan,nan,nan,true,nan,nan,AA,+anteroposterior,+superoinferior,+mediolateral,scapular elevation,scapulothoracic,thorax,scapula,yxz,true,nan,nan,nan,nan,nan,nan,true,nan,engauged,Chu et al 2012,array,ST_protraction_elevationScapular.csv,ST_medRotation_elevationScapular.csv,ST_tilt_elevationScapular.csv,nan,nan,nan,nan
Chu et al.,Validation of a video-based motion analysis technique in 3-D dynamic scapular kinematic measurements,2012,Chu et al. 2012,Journal of Biomechanics,true,biplane x-ray fluoroscopy,5,dynamic,true,sitting,true,false,nan,nan,IJ,+anteroposterior,+superoinferior,+mediolateral,true,nan,nan,GH,+anteroposterior,+superoinferior,+mediolateral,yxy,nan,true,false,nan,nan,nan,nan,nan,nan,nan,true,nan,nan,AA,+anteroposterior,+superoinferior,+mediolateral,internal-external rotation 90 degree-abducted,scapulothoracic,thorax,scapula,yxz,true,nan,nan,nan,nan,nan,nan,true,nan,engauged,Chu et al 2012,array,ST_protraction_rotation90Abd.csv,ST_medRotation_rotation90Abd.csv,ST_tilt_rotation90Abd.csv,nan,nan,nan,nan
,,,,,,,,,,,,,,,,,,,,,,,,,,,,,,,,,,,,,,,,,,,,,,,,,,,,,,,,,,,,,,,,,,,
Dal Maso et al.,Coupling between 3D displacements and rotations at the glenohumeral joint during dynamic tasks in healthy participants,2014,Dal Maso et al. 2014,Clinical Biomechanics,true,intra cortical pins,3,dynamic,true,standing,true,false,nan,nan,IJ,+anteroposterior,+superoinferior,+mediolateral,true,nan,nan,GH,+anteroposterior,+superoinferior,+mediolateral,nan,nan,nan,nan,nan,nan,nan,nan,nan,nan,nan,false,true,glenoid_to_isb_cs,AA,+anteroposterior,+superoinferior,+mediolateral,frontal elevation,glenohumeral,scapula,humerus,nan,true,nan,glenoid center,scapula,true,nan,nan,false,"P1, P2, P3",,Dal Maso et al 2014,nan,nan,nan,nan,array,array,array,nan
Dal Maso et al.,Coupling between 3D displacements and rotations at the glenohumeral joint during dynamic tasks in healthy participants,2014,Dal Maso et al. 2014,Clinical Biomechanics,true,intra cortical pins,3,dynamic,true,standing,true,false,nan,nan,IJ,+anteroposterior,+superoinferior,+mediolateral,true,nan,nan,GH,+anteroposterior,+superoinferior,+mediolateral,nan,nan,nan,nan,nan,nan,nan,nan,nan,nan,nan,false,true,glenoid_to_isb_cs,AA,+anteroposterior,+superoinferior,+mediolateral,sagittal elevation,glenohumeral,scapula,humerus,nan,true,nan,glenoid center,scapula,true,nan,nan,false,"P1, P2, P3",,Dal Maso et al 2014,nan,nan,nan,nan,array,array,array,nan
Dal Maso et al.,Coupling between 3D displacements and rotations at the glenohumeral joint during dynamic tasks in healthy participants,2014,Dal Maso et al. 2014,Clinical Biomechanics,true,intra cortical pins,2,dynamic,true,standing,true,false,nan,nan,IJ,+anteroposterior,+superoinferior,+mediolateral,true,nan,nan,GH,+anteroposterior,+superoinferior,+mediolateral,nan,nan,nan,nan,nan,nan,nan,nan,nan,nan,nan,false,true,glenoid_to_isb_cs,AA,+anteroposterior,+superoinferior,+mediolateral,internal-external rotation 0 degree-abducted,glenohumeral,scapula,humerus,nan,true,nan,glenoid center,scapula,true,nan,nan,false,"P1, P3",,Dal Maso et al 2014,nan,nan,nan,nan,array,array,array,nan
,,,,,,,,,,,,,,,,,,,,,,,,,,,,,,,,,,,,,,,,,,,,,,,,,,,,,,,,,,,,,,,,,,,
Dal Maso et al.,Standardization proposal of soft tissue artefact description for data sharing in human motion measurements,2017,Cereatti et al. 2017,Journal of Biomechanics,true,intra cortical pins,1,dynamic,true,standing,true,false,nan,nan,IJ,+anteroposterior,+superoinferior,+mediolateral,true,nan,nan,GH,+anteroposterior,+superoinferior,+mediolateral,nan,nan,nan,nan,nan,nan,nan,nan,nan,nan,nan,false,true,glenoid_to_isb_cs,AA,+anteroposterior,+superoinferior,+mediolateral,frontal elevation,glenohumeral,scapula,humerus,,true,nan,GH,scapula,true,nan,nan,false,P1,mat file,,array,,,,,,,
Dal Maso et al.,Standardization proposal of soft tissue artefact description for data sharing in human motion measurements,2017,Cereatti et al. 2017,Journal of Biomechanics,true,intra cortical pins,1,dynamic,true,standing,true,false,nan,nan,IJ,+anteroposterior,+superoinferior,+mediolateral,true,nan,nan,GH,+anteroposterior,+superoinferior,+mediolateral,nan,nan,nan,nan,nan,nan,nan,nan,nan,nan,nan,false,true,glenoid_to_isb_cs,AA,+anteroposterior,+superoinferior,+mediolateral,sagittal elevation,glenohumeral,scapula,humerus,,true,nan,GH,scapula,true,nan,nan,false,P1,mat file,,array,,,,,,,
,,,,,,,,,,,,,,,,,,,,,,,,,,,,,,,,,,,,,,,,,,,,,,,,,,,,,,,,,,,,,,,,,,,
Fung et al.,Scapular and clavicular kinematics during humeral elevation: A study with cadavers,2001,Fung et al. 2001,Journal of Shoulder and Elbow Surgery,false,intra cortical pins,5,dynamic,false,sitting,false,false,false,nan,T1 anterior face,-anteroposterior,+mediolateral,+superoinferior,false ,false,nan,GH,-anteroposterior,+mediolateral,+superoinferior,zyz,nan,true,true,false,false,nan,volume centroid of a cylinder mapped to the midthird of the clavicle,-anteroposterior,+mediolateral,+superoinferior,false,nan,nan,glenoid center,-anteroposterior,+mediolateral,+superoinferior,frontal elevation,scapulothoracic,thorax,scapula,zxy,,,nan,nan,nan,nan,nan,true,nan,engauged,Fung et al 2001,array,ST_protraction_FrontalPlane.csv,ST_medRotation_FrontalPlane.csv,SC_tilt_FrontalPlane.csv,nan,nan,nan,nan
Fung et al.,Scapular and clavicular kinematics during humeral elevation: A study with cadavers,2001,Fung et al. 2001,Journal of Shoulder and Elbow Surgery,false,intra cortical pins,5,dynamic,false,sitting,false,false,false,nan,T1 anterior face,-anteroposterior,+mediolateral,+superoinferior,false ,false,nan,GH,-anteroposterior,+mediolateral,+superoinferior,zyz,nan,true,true,false,false,nan,volume centroid of a cylinder mapped to the midthird of the clavicle,-anteroposterior,+mediolateral,+superoinferior,false,nan,nan,glenoid center,-anteroposterior,+mediolateral,+superoinferior,frontal elevation,sternoclavicular,thorax,clavicle,zxy,,,nan,nan,nan,nan,nan,true,nan,engauged,Fung et al 2001,array,SC_protraction_FrontalPlane.csv,SC_elevation_FrontalPlane.csv,SC_rotation_FrontalPlane.csv,nan,nan,nan,nan
Fung et al.,Scapular and clavicular kinematics during humeral elevation: A study with cadavers,2001,Fung et al. 2001,Journal of Shoulder and Elbow Surgery,false,intra cortical pins,5,dynamic,false,sitting,false,false,false,nan,T1 anterior face,-anteroposterior,+mediolateral,+superoinferior,false ,false,nan,GH,-anteroposterior,+mediolateral,+superoinferior,zyz,nan,true,true,false,false,nan,volume centroid of a cylinder mapped to the midthird of the clavicle,-anteroposterior,+mediolateral,+superoinferior,false,nan,nan,glenoid center,-anteroposterior,+mediolateral,+superoinferior,scapular elevation,scapulothoracic,thorax,scapula,zxy,,,nan,nan,nan,nan,nan,true,nan,engauged,Fung et al 2001,array,ST_protraction_ScapularPlane.csv,ST_medRotation_ScapularPlane.csv,SC_tilt_ScapularPlane.csv,nan,nan,nan,nan
Fung et al.,Scapular and clavicular kinematics during humeral elevation: A study with cadavers,2001,Fung et al. 2001,Journal of Shoulder and Elbow Surgery,false,intra cortical pins,5,dynamic,false,sitting,false,false,false,nan,T1 anterior face,-anteroposterior,+mediolateral,+superoinferior,false ,false,nan,GH,-anteroposterior,+mediolateral,+superoinferior,zyz,nan,true,true,false,false,nan,volume centroid of a cylinder mapped to the midthird of the clavicle,-anteroposterior,+mediolateral,+superoinferior,false,nan,nan,glenoid center,-anteroposterior,+mediolateral,+superoinferior,scapular elevation,sternoclavicular,thorax,clavicle,zxy,,,nan,nan,nan,nan,nan,true,nan,engauged,Fung et al 2001,array,SC_protraction_ScapularPlane.csv,SC_elevation_ScapularPlane.csv,SC_rotation_ScapularPlane.csv,nan,nan,nan,nan
Fung et al.,Scapular and clavicular kinematics during humeral elevation: A study with cadavers,2001,Fung et al. 2001,Journal of Shoulder and Elbow Surgery,false,intra cortical pins,5,dynamic,false,sitting,false,false,false,nan,T1 anterior face,-anteroposterior,+mediolateral,+superoinferior,false ,false,nan,GH,-anteroposterior,+mediolateral,+superoinferior,zyz,nan,true,true,false,false,nan,volume centroid of a cylinder mapped to the midthird of the clavicle,-anteroposterior,+mediolateral,+superoinferior,false,nan,nan,glenoid center,-anteroposterior,+mediolateral,+superoinferior,sagittal elevation,scapulothoracic,thorax,scapula,zxy,,,nan,nan,nan,nan,nan,true,nan,engauged,Fung et al 2001,array,ST_protraction_SagittalPlane.csv,ST_medRotation_SagittalPlane.csv,SC_tilt_SagittalPlane.csv,nan,nan,nan,nan
Fung et al.,Scapular and clavicular kinematics during humeral elevation: A study with cadavers,2001,Fung et al. 2001,Journal of Shoulder and Elbow Surgery,false,intra cortical pins,5,dynamic,false,sitting,false,false,false,nan,T1 anterior face,-anteroposterior,+mediolateral,+superoinferior,false ,false,nan,GH,-anteroposterior,+mediolateral,+superoinferior,zyz,nan,true,true,false,false,nan,volume centroid of a cylinder mapped to the midthird of the clavicle,-anteroposterior,+mediolateral,+superoinferior,false,nan,nan,glenoid center,-anteroposterior,+mediolateral,+superoinferior,sagittal elevation,sternoclavicular,thorax,clavicle,zxy,,,nan,nan,nan,nan,nan,true,nan,engauged,Fung et al 2001,array,SC_protraction_SagittalPlane.csv,SC_elevation_SagittalPlane.csv,SC_rotation_SagittalPlane.csv,nan,nan,nan,nan
,,,,,,,,,,,,,,,,,,,,,,,,,,,,,,,,,,,,,,,,,,,,,,,,,,,,,,,,,,,,,,,,,,,
Graichen et al.,Magnetic resonance based motion analysis of the shoulder during elevation ,2000,Graichen et al. 2000,Clinical Orthopaedics and Related Research,true,MRI,14,quasi-static,false,lying,false,true,false,nan,nan,+anteroposterior,+superoinferior,+mediolateral,false ,true,Sulkar et al. 2021,GH,+anteroposterior,+superoinferior,+mediolateral,nan,controlled by operator,true,true,false,false,nan,nan,+anteroposterior,+superoinferior,+mediolateral,false,false,nan,glenoid center,+anteroposterior,+superoinferior,+mediolateral,scapular elevation,scapulothoracic,thorax,scapula,nan,nan,nan,nan,nan,nan,nan,nan,true,nan,,Graichen et al 2000,array,array,array,array,nan,nan,nan,nan
Graichen et al.,Magnetic resonance based motion analysis of the shoulder during elevation ,2000,Graichen et al. 2000,Clinical Orthopaedics and Related Research,true,MRI,14,quasi-static,false,lying,false,true,false,nan,nan,+anteroposterior,+superoinferior,+mediolateral,false ,true,Sulkar et al. 2021,GH,+anteroposterior,+superoinferior,+mediolateral,nan,controlled by operator,true,true,false,false,nan,nan,+anteroposterior,+superoinferior,+mediolateral,false,false,nan,glenoid center,+anteroposterior,+superoinferior,+mediolateral,scapular elevation,sternoclavicular,thorax,clavicle,nan,nan,nan,nan,nan,nan,nan,nan,true,nan,,Graichen et al 2000,array,array,array,array,nan,nan,nan,nan
,,,,,,,,,,,,,,,,,,,,,,,,,,,,,,,,,,,,,,,,,,,,,,,,,,,,,,,,,,,,,,,,,,,
Gutierrez Delgado et al.,Procedure to describe clavicular motion,2017,Gutierrez Delgado et al. 2017,Journal of Shoulder and Elbow Surgery,false,intra cortical pins,1,dynamic,false,sitting,true,false,nan,nan,IJ,+anteroposterior,+superoinferior,+mediolateral,true,nan,nan,GH,+anteroposterior,+superoinferior,+mediolateral,nan,nan,true,false,false,false,nan,SC,+anteroposterior,+superoinferior,+mediolateral,true,nan,nan,AA,+anteroposterior,+superoinferior,+mediolateral,frontal elevation,scapulothoracic,thorax,scapula,yxz,false,nan,nan,nan,nan,nan,nan,false,1,,Gutierrez Delgado et al 2017,array,array,array,array,nan,nan,nan,nan
Gutierrez Delgado et al.,Procedure to describe clavicular motion,2017,Gutierrez Delgado et al. 2017,Journal of Shoulder and Elbow Surgery,false,intra cortical pins,1,dynamic,false,sitting,true,false,nan,nan,IJ,+anteroposterior,+superoinferior,+mediolateral,true,nan,nan,GH,+anteroposterior,+superoinferior,+mediolateral,nan,nan,true,false,false,false,nan,SC,+anteroposterior,+superoinferior,+mediolateral,true,nan,nan,AA,+anteroposterior,+superoinferior,+mediolateral,sagittal elevation,scapulothoracic,thorax,scapula,yxz,false,nan,nan,nan,nan,nan,nan,false,1,,Gutierrez Delgado et al 2017,array,array,array,array,nan,nan,nan,nan
,,,,,,,,,,,,,,,,,,,,,,,,,,,,,,,,,,,,,,,,,,,,,,,,,,,,,,,,,,,,,,,,,,,
Hallström et al.,Shoulder kinematics in 25 patients with impingement and 12 controls,2006,Hallström et al. 2006,Clinical Orthopaedics and Related Research,true,biplane x-ray fluoroscopy,12,dynamic,true,standing,false,true,false,nan,nan,nan,nan,nan,false ,false,nan,GH,nan,nan,nan,nan,"angle(yh,yt)",false,true,nan,nan,nan,nan,nan,nan,nan,nan,nan,nan,nan,nan,nan,nan,frontal elevation,glenohumeral,scapula,humerus,nan,false,true,GH,nan,true,nan,nan,true,nan,,Hallström et al 2006,array,array,array,array,array,array,array,nan
,,,,,,,,,,,,,,,,,,,,,,,,,,,,,,,,,,,,,,,,,,,,,,,,,,,,,,,,,,,,,,,,,,,
Karduna et al.,Scapular kinematics: effects of altering the Euler angle sequence of rotations,2000,Karduna et al. 2000,Journal of Biomechanics,true,intra cortical pins,8,dynamic,true,nan,false,false,false,nan,T7,+mediolateral,+anteroposterior,+superoinferior,false ,true,to_isb,midpoint EM EL,+mediolateral,-anteroposterior,+superoinferior,xzx,nan,true,true,nan,nan,nan,nan,nan,nan,nan,false,true,"to_isb, kolz_AC_to_PA",TS,+mediolateral,+anteroposterior,+superoinferior,scapular elevation,scapulothoracic,thorax,scapula,yxz,false,nan,nan,nan,nan,nan,nan,true,nan,,Karduna et al 2000,array,ST_protraction_elevationScapular.csv,ST_medRotation_elevationScapular.csv,ST_tilt_elevationScapular.csv,nan,nan,nan,nan
,,,,,,,,,,,,,,,,,,,,,,,,,,,,,,,,,,,,,,,,,,,,,,,,,,,,,,,,,,,,,,,,,,,
Kijima et al.,In vivo 3-dimensional analysis of scapular and glenohumeral kinematics: comparison of symptomatic or asymptomatic shoulders with rotator cuff tears and healthy shoulders,2015,Kijima et al. 2015,Journal of Shoulder and Elbow Surgery,true,intra cortical pins,7,dynamic,true,sitting,false,true,false,nan,nan,nan,nan,nan,false,false,nan,GH,-mediolateral,+superoinferior,+anteroposterior,nan,"angle(yh,yt)",true,true,nan,nan,nan,nan,nan,nan,nan,false,nan,nan,glenoid center,-mediolateral,+superoinferior,+anteroposterior,scapular elevation,glenohumeral,scapula,humerus,nan,nan,nan,GH,scapula,true,nan,nan,true,nan,engauged,Kijima et al 2015,array,nan,GH_introtation_elevationScapular.csv,nan,nan,GH_suptranslation_elevationScapular.csv,nan,nan
Kijima et al.,In vivo 3-dimensional analysis of scapular and glenohumeral kinematics: comparison of symptomatic or asymptomatic shoulders with rotator cuff tears and healthy shoulders,2015,Kijima et al. 2015,Journal of Shoulder and Elbow Surgery,true,intra cortical pins,7,dynamic,true,sitting,false,true,false,nan,nan,nan,nan,nan,false,false,nan,GH,-mediolateral,+superoinferior,+anteroposterior,nan,"angle(yh,yt)",true,true,nan,nan,nan,nan,nan,nan,nan,false,nan,nan,glenoid center,-mediolateral,+superoinferior,+anteroposterior,scapular elevation,scapulothoracic,thorax,scapula,xyz,,,nan,nan,nan,nan,nan,true,nan,engauged,Kijima et al 2015,array,ST_tilt_elevationScapular.csv,ST_protraction_elevationScapular.csv,ST_medRotation_elevationScapular.csv,nan,nan,nan,nan
,,,,,,,,,,,,,,,,,,,,,,,,,,,,,,,,,,,,,,,,,,,,,,,,,,,,,,,,,,,,,,,,,,,
Kim et al.,Effects of short malunion of the clavicle on in vivo scapular kinematics,2017,Kim et al. 2017,Journal of Shoulder and Elbow Surgery,true,single-plane x-ray fluoroscopy,15,dynamic,true,sitting,false,true,false,nan,nan,nan,nan,nan,false,false,nan,GH,-mediolateral,+superoinferior,+anteroposterior,nan,"angle(yh,yt)",true,true,nan,nan,nan,nan,nan,nan,nan,false,false,nan,glenoid center,-mediolateral,+superoinferior,+anteroposterior,scapular elevation,scapulothoracic,thorax,scapula,nan,nan,nan,nan,nan,nan,nan,nan,true,nan,,Kim et al 2017,array,array,array,array,nan,nan,nan,nan
,,,,,,,,,,,,,,,,,,,,,,,,,,,,,,,,,,,,,,,,,,,,,,,,,,,,,,,,,,,,,,,,,,,
Kolz et al.,Reliable interpretation of scapular kinematics depends on coordinate system definition,2020,Kolz et al. 2020,Gait and Posture,true,biplane x-ray fluoroscopy,18,dynamic,true,sitting,true,false,nan,nan,IJ,+anteroposterior,+superoinferior,+mediolateral,true,nan,nan,GH,+anteroposterior,+superoinferior,+mediolateral,xzy,nan,true,false,nan,nan,nan,nan,nan,nan,nan,true,nan,nan,AA,+anteroposterior,+superoinferior,+mediolateral,scapular elevation,scapulothoracic,thorax,scapula,yxz,true,nan,nan,nan,nan,nan,nan,true,nan,engauged,Kolz et al 2020,array,ST_protraction_elevationScapular.csv,ST_medRotation_elevationScapular.csv,ST_tilt_elevationScapular.csv,nan,nan,nan,nan
Kolz et al.,Reliable interpretation of scapular kinematics depends on coordinate system definition,2020,Kolz et al. 2020,Gait and Posture,true,biplane x-ray fluoroscopy,18,dynamic,true,sitting,true,false,nan,nan,IJ,+anteroposterior,+superoinferior,+mediolateral,true,nan,nan,GH,+anteroposterior,+superoinferior,+mediolateral,xzy,nan,true,false,nan,nan,nan,nan,nan,nan,nan,true,nan,nan,AA,+anteroposterior,+superoinferior,+mediolateral,internal-external rotation 0 degree-abducted,scapulothoracic,thorax,scapula,yxz,true,nan,nan,nan,nan,nan,nan,true,nan,engauged,Kolz et al 2020,array,ST_protraction_rotation0Abd.csv,ST_medRotation_rotation0Abd.csv,ST_tilt_rotation0Abd.csv,nan,nan,nan,nan
,,,,,,,,,,,,,,,,,,,,,,,,,,,,,,,,,,,,,,,,,,,,,,,,,,,,,,,,,,,,,,,,,,,
Kozono et al.,In vivo kinematic analysis of the glenohumeral joint during dynamic full axial rotation and scapular plane full abduction in healthy shoulders,2017,Kozono et al. 2017,"Knee Surgery, Sports Traumatology, Arthroscopy",true,single-plane x-ray fluoroscopy,10,dynamic,true,standing,false,true,false,nan,nan,+mediolateral,+superoinferior,+anteroposterior,false,true,to_isb,GH,+mediolateral,+anteroposterior,+superoinferior,yxz,nan,true,true,nan,nan,nan,nan,nan,nan,nan,false,true,to_isb,AA,+mediolateral,+anteroposterior,+superoinferior,scapular elevation,glenohumeral,scapula,humerus,yxz,true,nan,GH,scapula,true,nan,nan,true,nan,engauged,Kozono et al 2017,array,nan,nan,nan,ScapularPlane_Humeral_AnteroPost_translation.png,ScapularPlane_Humeral_AnteroPost_translation.csv,ScapularPlane_Humeral_SuperoInferior_translation.csv,nan
Kozono et al.,In vivo kinematic analysis of the glenohumeral joint during dynamic full axial rotation and scapular plane full abduction in healthy shoulders,2017,Kozono et al. 2017,"Knee Surgery, Sports Traumatology, Arthroscopy",true,single-plane x-ray fluoroscopy,10,dynamic,true,standing,false,true,false,nan,nan,+mediolateral,+superoinferior,+anteroposterior,false,true,to_isb,GH,+mediolateral,+anteroposterior,+superoinferior,yxz,nan,true,true,nan,nan,nan,nan,nan,nan,nan,false,true,to_isb,AA,+mediolateral,+anteroposterior,+superoinferior,internal-external rotation 0 degree-abducted,glenohumeral,scapula,humerus,yxz,true,nan,GH,scapula,true,nan,nan,true,nan,engauged,Kozono et al 2017,array,nan,nan,ScapularPlane_GlenoHumeral_ExtRot.csv,AxialRot_Humeral_LateroMed_translation.csv,AxialRot_Humeral_AnteroPost_translation.csv,AxialRot_Humeral_SuperoInferior_translation.csv,nan
,,,,,,,,,,,,,,,,,,,,,,,,,,,,,,,,,,,,,,,,,,,,,,,,,,,,,,,,,,,,,,,,,,,
Lawrence et al.,"Comparison of 3-dimensional shoulder complex kinematics in individuals with and without shoulder pain, part 1: sternoclavicular, acromioclavicular, and scapulothoracic joints",2014,Lawrence et al. 2014,Journal of Orthopaedic and Sports Physical Therapy,true,intra cortical pins,12,dynamic,true,standing,true,false,nan,nan,IJ,+anteroposterior,+superoinferior,+mediolateral,true,nan,nan,GH,+anteroposterior,+superoinferior,+mediolateral,yxy,nan,true,false,true,nan,nan,SC,+anteroposterior,+superoinferior,+mediolateral,false,true,kolz_AC_to_PA,AC,+anteroposterior,+superoinferior,+mediolateral,frontal elevation,scapulothoracic,thorax,scapula,yxz,true,nan,nan,nan,nan,nan,nan,true,nan,engauged,Lawrence et al 2014,array,ST_protraction_elevationFrontal.csv,ST_medRotation_elevationFrontal.csv,ST_tilt_elevationFrontal.csv,nan,nan,nan,nan
Lawrence et al.,"Comparison of 3-dimensional shoulder complex kinematics in individuals with and without shoulder pain, part 1: sternoclavicular, acromioclavicular, and scapulothoracic joints",2014,Lawrence et al. 2014,Journal of Orthopaedic and Sports Physical Therapy,true,intra cortical pins,11,dynamic,true,standing,true,false,nan,nan,IJ,+anteroposterior,+superoinferior,+mediolateral,true,nan,nan,GH,+anteroposterior,+superoinferior,+mediolateral,yxy,nan,true,false,true,nan,nan,SC,+anteroposterior,+superoinferior,+mediolateral,false,true,kolz_AC_to_PA,AC,+anteroposterior,+superoinferior,+mediolateral,frontal elevation,acromioclavicular,clavicle,scapula,yxz,true,nan,nan,nan,nan,nan,nan,true,nan,engauged,Lawrence et al 2014,array,AC_protraction_elevationFrontal.csv,AC_medRotation_elevationFrontal.csv,AC_antRotation_elevationFrontal.csv,nan,nan,nan,nan
Lawrence et al.,"Comparison of 3-dimensional shoulder complex kinematics in individuals with and without shoulder pain, part 1: sternoclavicular, acromioclavicular, and scapulothoracic joints",2014,Lawrence et al. 2014,Journal of Orthopaedic and Sports Physical Therapy,true,intra cortical pins,11,dynamic,true,standing,true,false,nan,nan,IJ,+anteroposterior,+superoinferior,+mediolateral,true,nan,nan,GH,+anteroposterior,+superoinferior,+mediolateral,yxy,nan,true,false,true,nan,nan,SC,+anteroposterior,+superoinferior,+mediolateral,false,true,kolz_AC_to_PA,AC,+anteroposterior,+superoinferior,+mediolateral,frontal elevation,sternoclavicular,thorax,clavicle,yxz,true,nan,nan,nan,nan,nan,nan,true,nan,engauged,Lawrence et al 2014,array,SC_protraction_elevationFrontal.csv,SC_elevation_elevationFrontal.csv,SC_rotation_elevationFrontal.csv,nan,nan,nan,nan
Lawrence et al.,"Comparison of 3-dimensional shoulder complex kinematics in individuals with and without shoulder pain, part 1: sternoclavicular, acromioclavicular, and scapulothoracic joints",2014,Lawrence et al. 2014,Journal of Orthopaedic and Sports Physical Therapy,true,intra cortical pins,12,dynamic,true,standing,true,false,nan,nan,IJ,+anteroposterior,+superoinferior,+mediolateral,true,nan,nan,GH,+anteroposterior,+superoinferior,+mediolateral,yxy,nan,true,false,true,nan,nan,SC,+anteroposterior,+superoinferior,+mediolateral,false,true,kolz_AC_to_PA,AC,+anteroposterior,+superoinferior,+mediolateral,scapular elevation,scapulothoracic,thorax,scapula,yxz,true,nan,nan,nan,nan,nan,nan,true,nan,engauged,Lawrence et al 2014,array,ST_protraction_elevationScapular.csv,ST_medRotation_elevationScapular.csv,ST_tilt_elevationScapular.csv,nan,nan,nan,nan
Lawrence et al.,"Comparison of 3-dimensional shoulder complex kinematics in individuals with and without shoulder pain, part 1: sternoclavicular, acromioclavicular, and scapulothoracic joints",2014,Lawrence et al. 2014,Journal of Orthopaedic and Sports Physical Therapy,true,intra cortical pins,11,dynamic,true,standing,true,false,nan,nan,IJ,+anteroposterior,+superoinferior,+mediolateral,true,nan,nan,GH,+anteroposterior,+superoinferior,+mediolateral,yxy,nan,true,false,true,nan,nan,SC,+anteroposterior,+superoinferior,+mediolateral,false,true,kolz_AC_to_PA,AC,+anteroposterior,+superoinferior,+mediolateral,scapular elevation,acromioclavicular,clavicle,scapula,yxz,true,nan,nan,nan,nan,nan,nan,true,nan,engauged,Lawrence et al 2014,array,AC_protraction_elevationScapular.csv,AC_medRotation_elevationScapular.csv,AC_antRotation_elevationScapular.csv,nan,nan,nan,nan
Lawrence et al.,"Comparison of 3-dimensional shoulder complex kinematics in individuals with and without shoulder pain, part 1: sternoclavicular, acromioclavicular, and scapulothoracic joints",2014,Lawrence et al. 2014,Journal of Orthopaedic and Sports Physical Therapy,true,intra cortical pins,11,dynamic,true,standing,true,false,nan,nan,IJ,+anteroposterior,+superoinferior,+mediolateral,true,nan,nan,GH,+anteroposterior,+superoinferior,+mediolateral,yxy,nan,true,false,true,nan,nan,SC,+anteroposterior,+superoinferior,+mediolateral,false,true,kolz_AC_to_PA,AC,+anteroposterior,+superoinferior,+mediolateral,scapular elevation,sternoclavicular,thorax,clavicle,yxz,true,nan,nan,nan,nan,nan,nan,true,nan,engauged,Lawrence et al 2014,array,SC_protraction_elevationScapular.csv,SC_elevation_elevationScapular.csv,SC_rotation_elevationScapular.csv,nan,nan,nan,nan
Lawrence et al.,"Comparison of 3-dimensional shoulder complex kinematics in individuals with and without shoulder pain, part 1: sternoclavicular, acromioclavicular, and scapulothoracic joints",2014,Lawrence et al. 2014,Journal of Orthopaedic and Sports Physical Therapy,true,intra cortical pins,12,dynamic,true,standing,true,false,nan,nan,IJ,+anteroposterior,+superoinferior,+mediolateral,true,nan,nan,GH,+anteroposterior,+superoinferior,+mediolateral,yxy,nan,true,false,true,nan,nan,SC,+anteroposterior,+superoinferior,+mediolateral,false,true,kolz_AC_to_PA,AC,+anteroposterior,+superoinferior,+mediolateral,sagittal elevation,scapulothoracic,thorax,scapula,yxz,true,nan,nan,nan,nan,nan,nan,true,nan,engauged,Lawrence et al 2014,array,ST_protraction_elevationSagittal.csv,ST_medRotation_elevationSagittal.csv,ST_tilt_elevationSagittal.csv,nan,nan,nan,nan
Lawrence et al.,"Comparison of 3-dimensional shoulder complex kinematics in individuals with and without shoulder pain, part 1: sternoclavicular, acromioclavicular, and scapulothoracic joints",2014,Lawrence et al. 2014,Journal of Orthopaedic and Sports Physical Therapy,true,intra cortical pins,11,dynamic,true,standing,true,false,nan,nan,IJ,+anteroposterior,+superoinferior,+mediolateral,true,nan,nan,GH,+anteroposterior,+superoinferior,+mediolateral,yxy,nan,true,false,true,nan,nan,SC,+anteroposterior,+superoinferior,+mediolateral,false,true,kolz_AC_to_PA,AC,+anteroposterior,+superoinferior,+mediolateral,sagittal elevation,acromioclavicular,clavicle,scapula,yxz,true,nan,nan,nan,nan,nan,nan,true,nan,engauged,Lawrence et al 2014,array,AC_protraction_elevationSagittal.csv,AC_medRotation_elevationSagittal.csv,AC_antRotation_elevationSagittal.csv,nan,nan,nan,nan
Lawrence et al.,"Comparison of 3-dimensional shoulder complex kinematics in individuals with and without shoulder pain, part 1: sternoclavicular, acromioclavicular, and scapulothoracic joints",2014,Lawrence et al. 2014,Journal of Orthopaedic and Sports Physical Therapy,true,intra cortical pins,11,dynamic,true,standing,true,false,nan,nan,IJ,+anteroposterior,+superoinferior,+mediolateral,true,nan,nan,GH,+anteroposterior,+superoinferior,+mediolateral,yxy,nan,true,false,true,nan,nan,SC,+anteroposterior,+superoinferior,+mediolateral,false,true,kolz_AC_to_PA,AC,+anteroposterior,+superoinferior,+mediolateral,sagittal elevation,sternoclavicular,thorax,clavicle,yxz,true,nan,nan,nan,nan,nan,nan,true,nan,engauged,Lawrence et al 2014,array,SC_protraction_elevationSagittal.csv,SC_elevation_elevationSagittal.csv,SC_rotation_elevationSagittal.csv,nan,nan,nan,nan
,,,,,,,,,,,,,,,,,,,,,,,,,,,,,,,,,,,,,,,,,,,,,,,,,,,,,,,,,,,,,,,,,,,
Ludewig et al.,Motion of the shoulder complex during multiplanar humeral elevation,2009,Ludewig et al. 2009,Journal of Bone and Joint Surgery,true,intra cortical pins,12,dynamic,true,standing,false,true,false,nan,IJ,+anteroposterior,+superoinferior,+mediolateral,true,nan,nan,GH,+anteroposterior,+superoinferior,+mediolateral,yxy,nan,true,false,true,nan,nan,SC,+anteroposterior,+superoinferior,+mediolateral,false,true,kolz_AC_to_PA,AC,+anteroposterior,+superoinferior,+mediolateral,frontal elevation,glenohumeral,scapula,humerus,yxy,true,nan,nan,nan,nan,nan,nan,true,nan,engauged,Ludewig et al 2009,array,GH_planeOfElevation_elevationFrontal.csv,GH_elevation_elevationFrontal.csv,GH_rotation_elevationFrontal.csv,nan,nan,nan,nan
Ludewig et al.,Motion of the shoulder complex during multiplanar humeral elevation,2009,Ludewig et al. 2009,Journal of Bone and Joint Surgery,true,intra cortical pins,12,dynamic,true,standing,false,true,false,nan,IJ,+anteroposterior,+superoinferior,+mediolateral,true,nan,nan,GH,+anteroposterior,+superoinferior,+mediolateral,yxy,nan,true,false,true,nan,nan,SC,+anteroposterior,+superoinferior,+mediolateral,false,true,kolz_AC_to_PA,AC,+anteroposterior,+superoinferior,+mediolateral,frontal elevation,scapulothoracic,thorax,scapula,yxz,true,nan,nan,nan,nan,nan,nan,true,nan,engauged,Ludewig et al 2009,array,ST_InternalRotation_elevationFrontal.csv,ST_UpwardRotation_elevationFrontal.csv,ST_Tilting_elevationFrontal.csv,array,array,array,nan
Ludewig et al.,Motion of the shoulder complex during multiplanar humeral elevation,2009,Ludewig et al. 2009,Journal of Bone and Joint Surgery,true,intra cortical pins,12,dynamic,true,standing,false,true,false,nan,IJ,+anteroposterior,+superoinferior,+mediolateral,true,nan,nan,GH,+anteroposterior,+superoinferior,+mediolateral,yxy,nan,true,false,true,nan,nan,SC,+anteroposterior,+superoinferior,+mediolateral,false,true,kolz_AC_to_PA,AC,+anteroposterior,+superoinferior,+mediolateral,frontal elevation,acromioclavicular,clavicle,scapula,yxz,true,nan,nan,nan,nan,nan,nan,true,nan,engauged,Ludewig et al 2009,array,AC_protraction_elevationFrontal.csv,AC_medrotation_elevationFrontal.csv,AC_tilt_elevationFrontal.csv,nan,nan,nan,nan
Ludewig et al.,Motion of the shoulder complex during multiplanar humeral elevation,2009,Ludewig et al. 2009,Journal of Bone and Joint Surgery,true,intra cortical pins,12,dynamic,true,standing,false,true,false,nan,IJ,+anteroposterior,+superoinferior,+mediolateral,true,nan,nan,GH,+anteroposterior,+superoinferior,+mediolateral,yxy,nan,true,false,true,nan,nan,SC,+anteroposterior,+superoinferior,+mediolateral,false,true,kolz_AC_to_PA,AC,+anteroposterior,+superoinferior,+mediolateral,frontal elevation,sternoclavicular,thorax,clavicle,yxz,true,nan,nan,nan,nan,nan,nan,true,nan,engauged,Ludewig et al 2009,array,SC_retraction_elevationFrontal.csv,SC_elevation_elevationFrontal.csv,SC_rotation_elevationFrontal.csv,nan,nan,nan,nan
Ludewig et al.,Motion of the shoulder complex during multiplanar humeral elevation,2009,Ludewig et al. 2009,Journal of Bone and Joint Surgery,true,intra cortical pins,12,dynamic,true,standing,false,true,false,nan,IJ,+anteroposterior,+superoinferior,+mediolateral,true,nan,nan,GH,+anteroposterior,+superoinferior,+mediolateral,yxy,nan,true,false,true,nan,nan,SC,+anteroposterior,+superoinferior,+mediolateral,false,true,kolz_AC_to_PA,AC,+anteroposterior,+superoinferior,+mediolateral,scapular elevation,glenohumeral,scapula,humerus,yxy,true,nan,nan,nan,nan,nan,nan,true,nan,engauged,Ludewig et al 2009,array,GH_planeOfElevation_elevationScapular.csv,GH_elevation_elevationScapular.csv,GH_rotation_elevationScapular.csv,nan,nan,nan,nan
Ludewig et al.,Motion of the shoulder complex during multiplanar humeral elevation,2009,Ludewig et al. 2009,Journal of Bone and Joint Surgery,true,intra cortical pins,12,dynamic,true,standing,false,true,false,nan,IJ,+anteroposterior,+superoinferior,+mediolateral,true,nan,nan,GH,+anteroposterior,+superoinferior,+mediolateral,yxy,nan,true,false,true,nan,nan,SC,+anteroposterior,+superoinferior,+mediolateral,false,true,kolz_AC_to_PA,AC,+anteroposterior,+superoinferior,+mediolateral,scapular elevation,scapulothoracic,thorax,scapula,yxz,true,nan,nan,nan,nan,nan,nan,true,nan,engauged,Ludewig et al 2009,array,ST_InternalRotation_elevationScapular.csv,ST_UpwardRotation_elevationScapular.csv,ST_Tilting_elevationScapular.csv,array,array,array,nan
Ludewig et al.,Motion of the shoulder complex during multiplanar humeral elevation,2009,Ludewig et al. 2009,Journal of Bone and Joint Surgery,true,intra cortical pins,12,dynamic,true,standing,false,true,false,nan,IJ,+anteroposterior,+superoinferior,+mediolateral,true,nan,nan,GH,+anteroposterior,+superoinferior,+mediolateral,yxy,nan,true,false,true,nan,nan,SC,+anteroposterior,+superoinferior,+mediolateral,false,true,kolz_AC_to_PA,AC,+anteroposterior,+superoinferior,+mediolateral,scapular elevation,acromioclavicular,clavicle,scapula,yxz,true,nan,nan,nan,nan,nan,nan,true,nan,engauged,Ludewig et al 2009,array,AC_protraction_elevationScapular.csv,AC_medrotation_elevationScapular.csv,AC_tilt_elevationScapular.csv,nan,nan,nan,nan
Ludewig et al.,Motion of the shoulder complex during multiplanar humeral elevation,2009,Ludewig et al. 2009,Journal of Bone and Joint Surgery,true,intra cortical pins,12,dynamic,true,standing,false,true,false,nan,IJ,+anteroposterior,+superoinferior,+mediolateral,true,nan,nan,GH,+anteroposterior,+superoinferior,+mediolateral,yxy,nan,true,false,true,nan,nan,SC,+anteroposterior,+superoinferior,+mediolateral,false,true,kolz_AC_to_PA,AC,+anteroposterior,+superoinferior,+mediolateral,scapular elevation,sternoclavicular,thorax,clavicle,yxz,true,nan,nan,nan,nan,nan,nan,true,nan,engauged,Ludewig et al 2009,array,SC_retraction_elevationScapular.csv,SC_elevation_elevationScapular.csv,SC_rotation_elevationScapular.csv,array,array,array,nan
Ludewig et al.,Motion of the shoulder complex during multiplanar humeral elevation,2009,Ludewig et al. 2009,Journal of Bone and Joint Surgery,true,intra cortical pins,12,dynamic,true,standing,false,true,false,nan,IJ,+anteroposterior,+superoinferior,+mediolateral,true,nan,nan,GH,+anteroposterior,+superoinferior,+mediolateral,yxy,nan,true,false,true,nan,nan,SC,+anteroposterior,+superoinferior,+mediolateral,false,true,kolz_AC_to_PA,AC,+anteroposterior,+superoinferior,+mediolateral,sagittal elevation,glenohumeral,scapula,humerus,yxy,true,nan,nan,nan,nan,nan,nan,true,nan,engauged,Ludewig et al 2009,array,GH_planeOfElevation_elevationSagittal.csv,GH_elevation_elevationSagittal.csv,GH_rotation_elevationSagittal.csv,nan,nan,nan,nan
Ludewig et al.,Motion of the shoulder complex during multiplanar humeral elevation,2009,Ludewig et al. 2009,Journal of Bone and Joint Surgery,true,intra cortical pins,12,dynamic,true,standing,false,true,false,nan,IJ,+anteroposterior,+superoinferior,+mediolateral,true,nan,nan,GH,+anteroposterior,+superoinferior,+mediolateral,yxy,nan,true,false,true,nan,nan,SC,+anteroposterior,+superoinferior,+mediolateral,false,true,kolz_AC_to_PA,AC,+anteroposterior,+superoinferior,+mediolateral,sagittal elevation,scapulothoracic,thorax,scapula,yxz,true,nan,nan,nan,nan,nan,nan,true,nan,engauged,Ludewig et al 2009,array,ST_InternalRotation_elevationSagittal.csv,ST_UpwardRotation_elevationSagittal.csv,ST_Tilting_elevationSagittal.csv,array,array,array,nan
Ludewig et al.,Motion of the shoulder complex during multiplanar humeral elevation,2009,Ludewig et al. 2009,Journal of Bone and Joint Surgery,true,intra cortical pins,12,dynamic,true,standing,false,true,false,nan,IJ,+anteroposterior,+superoinferior,+mediolateral,true,nan,nan,GH,+anteroposterior,+superoinferior,+mediolateral,yxy,nan,true,false,true,nan,nan,SC,+anteroposterior,+superoinferior,+mediolateral,false,true,kolz_AC_to_PA,AC,+anteroposterior,+superoinferior,+mediolateral,sagittal elevation,acromioclavicular,clavicle,scapula,yxz,true,nan,nan,nan,nan,nan,nan,true,nan,engauged,Ludewig et al 2009,array,AC_protraction_elevationSagittal.csv,AC_medrotation_elevationSagittal.csv,AC_tilt_elevationSagittal.csv,nan,nan,nan,nan
Ludewig et al.,Motion of the shoulder complex during multiplanar humeral elevation,2009,Ludewig et al. 2009,Journal of Bone and Joint Surgery,true,intra cortical pins,12,dynamic,true,standing,false,true,false,nan,IJ,+anteroposterior,+superoinferior,+mediolateral,true,nan,nan,GH,+anteroposterior,+superoinferior,+mediolateral,yxy,nan,true,false,true,nan,nan,SC,+anteroposterior,+superoinferior,+mediolateral,false,true,kolz_AC_to_PA,AC,+anteroposterior,+superoinferior,+mediolateral,sagittal elevation,sternoclavicular,thorax,clavicle,yxz,true,nan,nan,nan,nan,nan,nan,true,nan,engauged,Ludewig et al 2009,array,SC_retraction_elevationSagittal.csv,SC_elevation_elevationSagittal.csv,SC_rotation_elevationSagittal.csv,array,array,array,nan
,,,,,,,,,,,,,,,,,,,,,,,,,,,,,,,,,,,,,,,,,,,,,,,,,,,,,,,,,,,,,,,,,,,
Matsumura et al.,The function of the clavicle on scapular motion: a cadaveric study,2013,Matsumura et al. 2013,Journal of Shoulder and Elbow Surgery,false,intra cortical pins,14,dynamic,false,sitting,true,false,nan,nan,IJ,+anteroposterior,+superoinferior,+mediolateral,true,nan,nan,GH,+anteroposterior,+superoinferior,+mediolateral,yxy,nan,true,false,nan,nan,nan,nan,nan,nan,nan,true,nan,nan,AA,+anteroposterior,+superoinferior,+mediolateral,frontal elevation,scapulothoracic,thorax,scapula,yxz,true,nan,IJ,nan,nan,nan,nan,true,nan,engauged,Matsumura et al 2013,array,ST_protraction_elevationFrontal.csv,ST_medRotation_elevationFrontal.csv,ST_tilt_elevationFrontal.csv,nan,nan,nan,ST_tilt_elevationFrontal.csv
Matsumura et al.,The function of the clavicle on scapular motion: a cadaveric study,2013,Matsumura et al. 2013,Journal of Shoulder and Elbow Surgery,false,intra cortical pins,14,dynamic,false,sitting,true,false,nan,nan,IJ,+anteroposterior,+superoinferior,+mediolateral,true,nan,nan,GH,+anteroposterior,+superoinferior,+mediolateral,yxy,nan,true,false,nan,nan,nan,nan,nan,nan,nan,true,nan,nan,AA,+anteroposterior,+superoinferior,+mediolateral,scapular elevation,scapulothoracic,thorax,scapula,yxz,true,nan,IJ,nan,nan,nan,nan,true,nan,engauged,Matsumura et al 2013,array,ST_protraction_elevationScapular.csv,ST_medRotation_elevationScapular.csv,ST_tilt_elevationScapular.csv,nan,nan,nan,ST_thoraxScapulaDistance_elevationScapular.csv
Matsumura et al.,The function of the clavicle on scapular motion: a cadaveric study,2013,Matsumura et al. 2013,Journal of Shoulder and Elbow Surgery,false,intra cortical pins,14,dynamic,false,sitting,true,false,nan,nan,IJ,+anteroposterior,+superoinferior,+mediolateral,true,nan,nan,GH,+anteroposterior,+superoinferior,+mediolateral,yxy,nan,true,false,nan,nan,nan,nan,nan,nan,nan,true,nan,nan,AA,+anteroposterior,+superoinferior,+mediolateral,sagittal elevation,scapulothoracic,thorax,scapula,yxz,true,nan,IJ,nan,nan,nan,nan,true,nan,engauged,Matsumura et al 2013,array,ST_protraction_elevationSagittal.csv,ST_medRotation_elevationSagittal.csv,ST_tilt_elevationSagittal.csv,nan,nan,nan,ST_thoraxScapulaDistance_elevationSagittal.csv
,,,,,,,,,,,,,,,,,,,,,,,,,,,,,,,,,,,,,,,,,,,,,,,,,,,,,,,,,,,,,,,,,,,
Matsuki et al.,Dynamic in vivo glenohumeral kinematics during scapular plane abduction in healthy shoulders,2012,Matsuki et al. 2012,Journal of Orthopaedic and Sports Physical Therapy,true,single-plane x-ray fluoroscopy,12,dynamic,true,sitting,false,true,false,nan,nan,nan,nan,nan,false,false,nan,GH,-mediolateral,+superoinferior,+anteroposterior,zxy,nan,true,true,nan,nan,nan,nan,nan,nan,nan,false,false,nan,glenoid center,-mediolateral,+superoinferior,+anteroposterior,scapular elevation,glenohumeral,scapula,humerus,zxy,true,nan,GH,scapula,true,nan,nan,true,nan,,Matsuki et al 2012,array,nan,nan,GH_introtation_elevationScapular.csv,nan,GH_suptranslation_elevationScapular.csv,nan,nan
,,,,,,,,,,,,,,,,,,,,,,,,,,,,,,,,,,,,,,,,,,,,,,,,,,,,,,,,,,,,,,,,,,,
Matsuki et al.,In vivo 3D analysis of clavicular kinematics during scapular plane abduction: comparison of dominant and non-dominant shoulders,2014,Matsuki et al. 2014,Gait and Posture,true,biplane x-ray fluoroscopy,12,dynamic,true,sitting,false,true,false,nan,nan,nan,nan,nan,false,false,nan,GH,-mediolateral,+superoinferior,+anteroposterior,zxy,nan,true,true,true,nan,nan,SC,+anteroposterior,+superoinferior,+mediolateral,nan,nan,nan,nan,nan,nan,nan,scapular elevation,sternoclavicular,thorax,clavicle,yzx,true,nan,nan,nan,nan,nan,nan,true,nan,,Matsuki et al 2014,array,SC_elevation_elevationScapular.csv,nan,SC_rotation_elevationScapular.csv,nan,nan,nan,nan
,,,,,,,,,,,,,,,,,,,,,,,,,,,,,,,,,,,,,,,,,,,,,,,,,,,,,,,,,,,,,,,,,,,
McClure et al.,Direct 3-dimensional measurement of scapular kinematics during dynamic movements in vivo,2001,McClure et al. 2001,Journal of Shoulder and Elbow Surgery,true,intra cortical pins,8,dynamic,true,sitting,false,false,true,to_isb_like,T7,+mediolateral,+anteroposterior,+superoinferior,false,true,to_isb,midpoint EM EL,+mediolateral,-anteroposterior,+superoinferior,zyz,nan,true,true,nan,nan,nan,nan,nan,nan,nan,true,true,"to_isb, kolz_AC_to_PA",TS,+mediolateral,+anteroposterior,+superoinferior,scapular elevation,scapulothoracic,thorax,scapula,zyx,true,nan,nan,nan,nan,nan,nan,true,nan,,McClure et al 2001,array,ST_protraction_elevationScapular.csv,ST_medRotation_elevationScapular.csv,ST_tilt_elevationScapular.csv,nan,nan,nan,nan
McClure et al.,Direct 3-dimensional measurement of scapular kinematics during dynamic movements in vivo,2001,McClure et al. 2001,Journal of Shoulder and Elbow Surgery,true,intra cortical pins,8,dynamic,true,sitting,false,false,true,to_isb_like,T7,+mediolateral,+anteroposterior,+superoinferior,false,true,to_isb,midpoint EM EL,+mediolateral,-anteroposterior,+superoinferior,zyz,nan,true,true,nan,nan,nan,nan,nan,nan,nan,true,true,"to_isb, kolz_AC_to_PA",TS,+mediolateral,+anteroposterior,+superoinferior,scapular elevation,sternoclavicular,thorax,clavicle,nan,nan,nan,nan,nan,nan,nan,nan,nan,nan,,McClure et al 2001,array,array,array,array,nan,nan,nan,nan
McClure et al.,Direct 3-dimensional measurement of scapular kinematics during dynamic movements in vivo,2001,McClure et al. 2001,Journal of Shoulder and Elbow Surgery,true,intra cortical pins,8,dynamic,true,sitting,false,false,true,to_isb_like,T7,+mediolateral,+anteroposterior,+superoinferior,false,true,to_isb,midpoint EM EL,+mediolateral,-anteroposterior,+superoinferior,zyz,nan,true,true,nan,nan,nan,nan,nan,nan,nan,true,true,"to_isb, kolz_AC_to_PA",TS,+mediolateral,+anteroposterior,+superoinferior,sagittal elevation,scapulothoracic,thorax,scapula,zyx,true,nan,nan,nan,nan,nan,nan,true,nan,,McClure et al 2001,array,ST_protraction_elevationSagittal.csv,ST_medRotation_elevationSagittal.csv,ST_tilt_elevationSagittal.csv,nan,nan,nan,nan
McClure et al.,Direct 3-dimensional measurement of scapular kinematics during dynamic movements in vivo,2001,McClure et al. 2001,Journal of Shoulder and Elbow Surgery,true,intra cortical pins,8,dynamic,true,sitting,false,false,true,to_isb_like,T7,+mediolateral,+anteroposterior,+superoinferior,false,true,to_isb,midpoint EM EL,+mediolateral,-anteroposterior,+superoinferior,zyz,nan,true,true,nan,nan,nan,nan,nan,nan,nan,true,true,"to_isb, kolz_AC_to_PA",TS,+mediolateral,+anteroposterior,+superoinferior,sagittal elevation,sternoclavicular,thorax,clavicle,nan,nan,nan,nan,nan,nan,nan,nan,nan,nan,,McClure et al 2001,array,array,array,array,nan,nan,nan,nan
McClure et al.,Direct 3-dimensional measurement of scapular kinematics during dynamic movements in vivo,2001,McClure et al. 2001,Journal of Shoulder and Elbow Surgery,true,intra cortical pins,8,dynamic,true,sitting,false,false,true,to_isb_like,T7,+mediolateral,+anteroposterior,+superoinferior,false,true,to_isb,midpoint EM EL,+mediolateral,-anteroposterior,+superoinferior,zyz,nan,true,true,nan,nan,nan,nan,nan,nan,nan,true,true,"to_isb, kolz_AC_to_PA",TS,+mediolateral,+anteroposterior,+superoinferior,internal-external rotation 90 degree-abducted,scapulothoracic,thorax,scapula,zyx,true,nan,nan,nan,nan,nan,nan,true,nan,,McClure et al 2001,array,ST_protraction_rotation90Abd.csv,ST_medRotation_rotation90Abd.csv,ST_tilt_rotation90Abd.csv,nan,nan,nan,nan
McClure et al.,Direct 3-dimensional measurement of scapular kinematics during dynamic movements in vivo,2001,McClure et al. 2001,Journal of Shoulder and Elbow Surgery,true,intra cortical pins,8,dynamic,true,sitting,false,false,true,to_isb_like,T7,+mediolateral,+anteroposterior,+superoinferior,false,true,to_isb,midpoint EM EL,+mediolateral,-anteroposterior,+superoinferior,zyz,nan,true,true,nan,nan,nan,nan,nan,nan,nan,true,true,"to_isb, kolz_AC_to_PA",TS,+mediolateral,+anteroposterior,+superoinferior,internal-external rotation 90 degree-abducted,sternoclavicular,thorax,clavicle,nan,nan,nan,nan,nan,nan,nan,nan,nan,nan,,McClure et al 2001,array,array,array,array,nan,nan,nan,nan
,,,,,,,,,,,,,,,,,,,,,,,,,,,,,,,,,,,,,,,,,,,,,,,,,,,,,,,,,,,,,,,,,,,
Nishinaka et al.,Determination of in vivo glenohumeral translation using fluoroscopy and shape-matching techniques Determination of in vivo glenohumeral translation using fluoroscopy and shape-matching techniques,2008,Nishinaka et al. 2008,Journal of Shoulder and Elbow Surgery,true,single-plane x-ray fluoroscopy,9,dynamic,true,nan,false,true,false,nan,nan,nan,nan,nan,nan,nan,nan,nan,nan,nan,nan,nan,"angle(zh,zt)",true,true,nan,nan,nan,nan,nan,nan,nan,false,true,to_isb,glenoid center,+anteroposterior,-mediolateral,+superoinferior,scapular elevation,glenohumeral,scapula,humerus,nan,nan,nan,GH,scapula,true,nan,nan,true,nan,,Nishinaka et al 2008,array,nan,nan,nan,nan,nan,GH_suptranslation_elevationScapular.csv,nan
,,,,,,,,,,,,,,,,,,,,,,,,,,,,,,,,,,,,,,,,,,,,,,,,,,,,,,,,,,,,,,,,,,,
Oki et al.,The function of the acromioclavicular and coracoclavicular ligaments in shoulder motion: a whole-cadaver study,2012,Oki et al. 2012,American Journal of Sports Medicine,false,intra cortical pins,14,dynamic,false,sitting,true,false,nan,nan,IJ,+anteroposterior,+superoinferior,+mediolateral,true,nan,nan,GH,+anteroposterior,+superoinferior,+mediolateral,yxy,nan,true,false,true,nan,nan,SC,+anteroposterior,+superoinferior,+mediolateral,true,nan,nan,AA,+anteroposterior,+superoinferior,+mediolateral,frontal elevation,scapulothoracic,thorax,scapula,yxz,true,nan,nan,nan,nan,nan,nan,true,nan,,Oki et al 2012,array,ST_protraction_elevationFrontal.csv,ST_medRotation_elevationFrontal.csv,ST_tilt_elevationFrontal.csv,nan,nan,nan,nan
Oki et al.,The function of the acromioclavicular and coracoclavicular ligaments in shoulder motion: a whole-cadaver study,2012,Oki et al. 2012,American Journal of Sports Medicine,false,intra cortical pins,14,dynamic,false,sitting,true,false,nan,nan,IJ,+anteroposterior,+superoinferior,+mediolateral,true,nan,nan,GH,+anteroposterior,+superoinferior,+mediolateral,yxy,nan,true,false,true,nan,nan,SC,+anteroposterior,+superoinferior,+mediolateral,true,nan,nan,AA,+anteroposterior,+superoinferior,+mediolateral,frontal elevation,sternoclavicular,thorax,clavicle,yxz,true,nan,nan,nan,nan,nan,nan,true,nan,,Oki et al 2012,array,SC_protraction_elevationFrontal.csv,SC_elevation_elevationFrontal.csv,SC_rotation_elevationFrontal.csv,nan,nan,nan,nan
Oki et al.,The function of the acromioclavicular and coracoclavicular ligaments in shoulder motion: a whole-cadaver study,2012,Oki et al. 2012,American Journal of Sports Medicine,false,intra cortical pins,14,dynamic,false,sitting,true,false,nan,nan,IJ,+anteroposterior,+superoinferior,+mediolateral,true,nan,nan,GH,+anteroposterior,+superoinferior,+mediolateral,yxy,nan,true,false,true,nan,nan,SC,+anteroposterior,+superoinferior,+mediolateral,true,nan,nan,AA,+anteroposterior,+superoinferior,+mediolateral,sagittal elevation,scapulothoracic,thorax,scapula,yxz,true,nan,nan,nan,nan,nan,nan,true,nan,,Oki et al 2012,array,ST_protraction_elevationSagittal.csv,ST_medRotation_elevationSagittal.csv,ST_tilt_elevationSagittal.csv,nan,nan,nan,nan
Oki et al.,The function of the acromioclavicular and coracoclavicular ligaments in shoulder motion: a whole-cadaver study,2012,Oki et al. 2012,American Journal of Sports Medicine,false,intra cortical pins,14,dynamic,false,sitting,true,false,nan,nan,IJ,+anteroposterior,+superoinferior,+mediolateral,true,nan,nan,GH,+anteroposterior,+superoinferior,+mediolateral,yxy,nan,true,false,true,nan,nan,SC,+anteroposterior,+superoinferior,+mediolateral,true,nan,nan,AA,+anteroposterior,+superoinferior,+mediolateral,sagittal elevation,sternoclavicular,thorax,clavicle,yxz,true,nan,nan,nan,nan,nan,nan,true,nan,,Oki et al 2012,array,SC_protraction_elevationSagittal.csv,SC_elevation_elevationSagittal.csv,SC_rotation_elevationSagittal.csv,nan,nan,nan,nan
Oki et al.,The function of the acromioclavicular and coracoclavicular ligaments in shoulder motion: a whole-cadaver study,2012,Oki et al. 2012,American Journal of Sports Medicine,false,intra cortical pins,14,dynamic,false,sitting,true,false,nan,nan,IJ,+anteroposterior,+superoinferior,+mediolateral,true,nan,nan,GH,+anteroposterior,+superoinferior,+mediolateral,yxy,nan,true,false,true,nan,nan,SC,+anteroposterior,+superoinferior,+mediolateral,true,nan,nan,AA,+anteroposterior,+superoinferior,+mediolateral,horizontal flexion-extension,scapulothoracic,thorax,scapula,yxz,true,nan,nan,nan,nan,nan,nan,true,nan,,Oki et al 2012,array,ST_protraction_horizontalFlexion.csv,ST_medRotation_horizontalFlexion.csv,ST_tilt_horizontalFlexion.csv,nan,nan,nan,nan
Oki et al.,The function of the acromioclavicular and coracoclavicular ligaments in shoulder motion: a whole-cadaver study,2012,Oki et al. 2012,American Journal of Sports Medicine,false,intra cortical pins,14,dynamic,false,sitting,true,false,nan,nan,IJ,+anteroposterior,+superoinferior,+mediolateral,true,nan,nan,GH,+anteroposterior,+superoinferior,+mediolateral,yxy,nan,true,false,true,nan,nan,SC,+anteroposterior,+superoinferior,+mediolateral,true,nan,nan,AA,+anteroposterior,+superoinferior,+mediolateral,horizontal flexion-extension,sternoclavicular,thorax,clavicle,yxz,true,nan,nan,nan,nan,nan,nan,true,nan,,Oki et al 2012,array,SC_protraction_horizontalFlexion.csv,SC_elevation_horizontalFlexion.CSV,SC_rotation_horizontalFlexion.csv,nan,nan,nan,nan
,,,,,,,,,,,,,,,,,,,,,,,,,,,,,,,,,,,,,,,,,,,,,,,,,,,,,,,,,,,,,,,,,,,
Sahara et al.,3D kinematic analysis of the acromioclavicular joint during arm abduction using vertically open MRI,2006,Sahara et al. 2006,Journal of Orthopaedic Research,true,MRI,14,quasi-static,true,sitting,false,true,false,nan,nan,+superoinferior,+anteroposterior,+mediolateral,nan,nan,nan,nan,nan,nan,nan,nan,controlled by operator,true,true,false,false,nan,point of intersection between the mesh model and the Zc axis,-superoinferior,+anteroposterior,+mediolateral,false,false,nan,clavicle origin,-superoinferior,+anteroposterior,+mediolateral,frontal elevation,acromioclavicular,clavicle,scapula,nan,true,nan,clavicle origin,clavicle,true,nan,nan,true,nan,,Sahara et al 2006,array,nan,nan,nan,AC_superiorTranslation_elevationFrontal.csv,AC_anteriorTranslation_elevationFrontal.csv,nan,nan
,,,,,,,,,,,,,,,,,,,,,,,,,,,,,,,,,,,,,,,,,,,,,,,,,,,,,,,,,,,,,,,,,,,
Sahara et al.,Three-dimensional clavicular and acromioclavicular rotations during arm abduction using vertically open MRI,2007,Sahara et al. 2007,Journal of Orthopaedic Research,true,MRI,14,quasi-static,true,sitting,false,false,true,to_isb_like,glenoid center,+superoinferior,+anteroposterior,+mediolateral,nan,nan,nan,nan,nan,nan,nan,nan,controlled by operator,true,true,false,false,nan,point of intersection between the mesh model and the Zc axis,-superoinferior,+anteroposterior,+mediolateral,false,false,nan,glenoid center,-superoinferior,+anteroposterior,+mediolateral,frontal elevation,acromioclavicular,clavicle,scapula,xyz,true,nan,nan,nan,nan,nan,nan,true,nan,,Sahara et al 2007,array,AC_protraction_elevationFrontal.csv,AC_medRotation_elevationFrontal.csv,AC_antRotation_elevationFrontal.csv,nan,nan,nan,nan
Sahara et al.,Three-dimensional clavicular and acromioclavicular rotations during arm abduction using vertically open MRI,2007,Sahara et al. 2007,Journal of Orthopaedic Research,true,MRI,14,quasi-static,true,sitting,false,false,true,to_isb_like,glenoid center,+superoinferior,+anteroposterior,+mediolateral,nan,nan,nan,nan,nan,nan,nan,nan,controlled by operator,true,true,false,false,nan,point of intersection between the mesh model and the Zc axis,-superoinferior,+anteroposterior,+mediolateral,false,false,nan,glenoid center,-superoinferior,+anteroposterior,+mediolateral,frontal elevation,sternoclavicular,thorax,clavicle,xyz,true,nan,nan,nan,nan,nan,nan,true,nan,,Sahara et al 2007,array,SC_protraction_elevationFrontal.csv,SC_elevation_elevationFrontal.csv,SC_rotation_elevationFrontal.csv,nan,nan,nan,nan
,,,,,,,,,,,,,,,,,,,,,,,,,,,,,,,,,,,,,,,,,,,,,,,,,,,,,,,,,,,,,,,,,,,
Sugi et al.,Comparing in vivo three-dimensional shoulder elevation kinematics between standing and supine postures,2021,Sugi et al. 2021,JSES International,true,single-plane x-ray fluoroscopy,35,dynamic,true,standing,false,true,false,nan,nan,nan,nan,nan,false,true,to_isb,GH,-mediolateral,+superoinferior,+anteroposterior,nan,"angle(yh,vertical)",true,true,nan,nan,nan,nan,nan,nan,nan,false,true,to_isb,glenoid center,-mediolateral,+superoinferior,+anteroposterior,scapular elevation,glenohumeral,scapula,humerus,zxy,true,nan,GH,scapula,true,nan,nan,true,nan,,Sugi et al 2021,array,nan,nan,nan,nan,GH_suptranslation_elevationScapular_Standing.csv,nan,nan
Sugi et al.,Comparing in vivo three-dimensional shoulder elevation kinematics between standing and supine postures,2021,Sugi et al. 2021,JSES International,true,single-plane x-ray fluoroscopy,35,dynamic,true,standing,false,true,false,nan,nan,nan,nan,nan,false,true,to_isb,GH,-mediolateral,+superoinferior,+anteroposterior,nan,"angle(yh,vertical)",true,true,nan,nan,nan,nan,nan,nan,nan,false,true,to_isb,glenoid center,-mediolateral,+superoinferior,+anteroposterior,scapular elevation,scapulothoracic,thorax,scapula,zxy,true,nan,nan,nan,nan,nan,nan,true,nan,,Sugi et al 2021,array,ST_medRotation_elevationScapular_Standing.csv,ST_tilt_elevationScapular_Standing.csv,nan,nan,nan,nan,nan
Sugi et al.,Comparing in vivo three-dimensional shoulder elevation kinematics between standing and supine postures,2021,Sugi et al. 2021,JSES International,true,single-plane x-ray fluoroscopy,35,dynamic,true,lying,false,true,false,nan,nan,nan,nan,nan,false,true,to_isb,GH,-mediolateral,+superoinferior,+anteroposterior,nan,"angle(yh,vertical)",true,true,nan,nan,nan,nan,nan,nan,nan,false,true,to_isb,glenoid center,-mediolateral,+superoinferior,+anteroposterior,scapular elevation,glenohumeral,scapula,humerus,zxy,true,nan,GH,scapula,true,nan,nan,true,nan,,Sugi et al 2021,array,nan,nan,nan,nan,GH_suptranslation_elevationScapular_Supine.csv,nan,nan
Sugi et al.,Comparing in vivo three-dimensional shoulder elevation kinematics between standing and supine postures,2021,Sugi et al. 2021,JSES International,true,single-plane x-ray fluoroscopy,35,dynamic,true,lying,false,true,false,nan,nan,nan,nan,nan,false,true,to_isb,GH,-mediolateral,+superoinferior,+anteroposterior,nan,"angle(yh,vertical)",true,true,nan,nan,nan,nan,nan,nan,nan,false,true,to_isb,glenoid center,-mediolateral,+superoinferior,+anteroposterior,scapular elevation,scapulothoracic,thorax,scapula,zxy,true,nan,nan,nan,nan,nan,nan,true,nan,,Sugi et al 2021,array,ST_medRotation_elevationScapular_Supine.csv,ST_tilt_elevationScapular_Supine.csv,nan,nan,nan,nan,nan
,,,,,,,,,,,,,,,,,,,,,,,,,,,,,,,,,,,,,,,,,,,,,,,,,,,,,,,,,,,,,,,,,,,
Teece et al.,Three-dimensional acromioclavicular joint motions during elevation of the arm,2008,Teece et al. 2008,Journal of Orthopaedic and Sports Physical Therapy,false,intra cortical pins,13,dynamic,false,standing,false,true,false,nan,IJ,+mediolateral,+anteroposterior,+superoinferior,false ,false,nan,GH,+mediolateral,+anteroposterior,+superoinferior,zyz,nan,true,true,false,true,(to_isb),SC,+mediolateral,+anteroposterior,+superoinferior,false,true,"to_isb, kolz_AC_to_PA",AC,+mediolateral,+anteroposterior,+superoinferior,scapular elevation,acromioclavicular,clavicle,scapula,zyx,true,nan,nan,nan,nan,nan,nan,true,nan,engauged,Teece et al 2008,array,AC_protraction_elevationScapular.csv,AC_medRotation_elevationScapular.csv,AC_antRotation_elevationScapular.csv,nan,nan,nan,nan
,,,,,,,,,,,,,,,,,,,,,,,,,,,,,,,,,,,,,,,,,,,,,,,,,,,,,,,,,,,,,,,,,,,
Yoshida et al.,Three-dimensional shoulder kinematics: upright four-dimensional computed tomography in comparison with an optical three-dimensional motion capture system,2023,Yoshida et al. 2023,Journal of Orthopaedic Research,true,4DCT ,20,dynamic,true,standing,true,false,nan,nan,IJ,+anteroposterior,+superoinferior,+mediolateral,true,false,nan,GH,+anteroposterior,+superoinferior,+mediolateral,yxy,nan,true,false,nan,nan,nan,nan,nan,nan,nan,true,false,nan,AA,+anteroposterior,+superoinferior,+mediolateral,sagittal elevation,glenohumeral,scapula,humerus,xzy,true,nan,nan,nan,nan,nan,nan,true,nan,engauged,Yoshida et al 2023,array,Glenohumeral_Elevation.csv,Glenohumeral_PlaneOfElevation.csv,Glenohumeral_InternalRotation.csv,nan,nan,nan,nan
Yoshida et al.,Three-dimensional shoulder kinematics: upright four-dimensional computed tomography in comparison with an optical three-dimensional motion capture system,2023,Yoshida et al. 2023,Journal of Orthopaedic Research,true,4DCT ,20,dynamic,true,standing,true,false,nan,nan,IJ,+anteroposterior,+superoinferior,+mediolateral,true,false,nan,GH,+anteroposterior,+superoinferior,+mediolateral,yxy,nan,true,false,nan,nan,nan,nan,nan,nan,nan,true,false,nan,AA,+anteroposterior,+superoinferior,+mediolateral,sagittal elevation,scapulothoracic,thorax,scapula,yxz,true,nan,nan,nan,nan,nan,nan,true,nan,engauged,Yoshida et al 2023,array,Scapulothoracic_InternalRot.csv,Scapulothoracic_UpwardRotation.csv,Scapulothoracic_Tilting.csv,nan,nan,nan,nan
,,,,,,,,,,,,,,,,,,,,,,,,,,,,,,,,,,,,,,,,,,,,,,,,,,,,,,,,,,,,,,,,,,,
Zhang et al.,Investigation of 3D glenohumeral displacements from 3D reconstruction using biplane X-ray images: accuracy and reproducibility of the technique and preliminary analysis in rotator cuff tear patients,2016,Zhang et al. 2016,Journal of Electromyography and Kinesiology,true,biplane x-ray,28,quasi-static,true,standing,true,false,nan,nan,IJ,+anteroposterior,+superoinferior,+mediolateral,nan,nan,nan,GH,nan,+superoinferior,nan,nan,nan,true,true,nan,nan,nan,nan,nan,nan,nan,false,false,nan,glenoid center,+mediolateral,+anteroposterior,+superoinferior,scapular elevation,glenohumeral,scapula,humerus,nan,nan,nan,GH,scapula,false,true,Lagace 2012,true,nan,engauged,Zhang et al 2016,array,nan,nan,nan,GH_medtranslation_elevationScapular.csv,GH_anttranslation_elevationScapular.csv,GH_suptranslation_elevationScapular.csv,nan
,,,,,,,,,,,,,,,,,,,,,,,,,,,,,,,,,,,,,,,,,,,,,,,,,,,,,,,,,,,,,,,,,,,
